<?xml version="1.0" encoding="UTF-8"?>

<configuration>

  <appender name="ConsoleApp" class="ch.qos.logback.core.ConsoleAppender">
  	<target>System.err</target>
    <encoder>
      <pattern>%date{HH:mm:ss.SSS} [%-5level]: %message%n</pattern>
    </encoder>
    <filter class="ch.qos.logback.classic.filter.ThresholdFilter">
      <level>INFO</level>
    </filter>
  </appender>
  
	<!-- Auto rolling files, with the oldest removed -->
	<appender name="FileApp" class="ch.qos.logback.core.rolling.RollingFileAppender">
		<rollingPolicy class="ch.qos.logback.core.rolling.TimeBasedRollingPolicy">
			<!-- Rolls up every day -->
			<fileNamePattern>logs/biosd_feature_annotator_%d{yyyyMMdd}.log</fileNamePattern>
			<!-- Keeps last 3 months -->
			<maxHistory>90</maxHistory>
		</rollingPolicy>
    <encoder>
    	<!-- TODO: %class and %line are useful, but possibly slow, is it worth to ship with these? -->
      <pattern>%date{dd MMM yyyy HH:mm:ss.SSS} [%-6thread] [%-5level] \(%class{1},%line\): %message%n</pattern>
    </encoder>
    <filter class="ch.qos.logback.classic.filter.ThresholdFilter">
      <level>ALL</level>
    </filter>
		<!-- 
			See http://logback.qos.ch/manual/appenders.html, we need this flag when working with the cluster, to ensure
			correct handling of the same log file by multiple JVMs 
		-->
		<prudent>true</prudent>
  </appender>

  
	<!-- Minimal logging by default. WARNING: logback expects this to be put after the appenders! -->
  <root level="INFO">
    <appender-ref ref="ConsoleApp" />
    <appender-ref ref="FileApp" />
  </root>

	<!-- Add Loggers this way if you want finer reports for selected components -->
  <!-- logger name = "uk.ac.ebi.example" level = "INFO"/ -->
  <!-- logger name = "uk.ac.ebi.fg.biosd.annotator.threading" level = "DEBUG" -->
</configuration>
